{
  "dataset": "combined",
  "total_nodes": 2185,
  "total_edges": 21402,
  "density": 0.004484874393341213,
  "weakly_connected_components": 43,
  "strongly_connected_components": 2185,
  "community_count": 53,
  "node_type_counts": {
    "course-of-action": 108,
    "malware": 817,
    "tool": 93,
    "x-mitre-tactic": 38,
    "attack-pattern": 898,
    "intrusion-set": 176,
    "campaign": 55
  },
  "top_degree_centrality": [
    [
      "attack-pattern--e6919abc-99f9-4c6c-95a5-14761e7b2add",
      0.22893772893772893
    ],
    [
      "attack-pattern--df8b2a25-8bdf-4856-953c-a04372b1c161",
      0.18727106227106227
    ],
    [
      "attack-pattern--354a7f88-63fb-41b5-a801-ce3b377b36f1",
      0.18452380952380953
    ],
    [
      "attack-pattern--d1fcf083-a721-4223-aedf-bf8960798d62",
      0.17124542124542125
    ],
    [
      "attack-pattern--7bc57495-ea59-4380-be31-a64af124ef18",
      0.16254578754578755
    ],
    [
      "attack-pattern--3ccef7ae-cb5e-48f6-8302-897105fbf55c",
      0.1488095238095238
    ],
    [
      "attack-pattern--8f4a33ec-8b1f-4b80-a2f6-642b2e479580",
      0.1391941391941392
    ],
    [
      "attack-pattern--d63a3fb8-9452-4e9d-a60a-54be68d5998c",
      0.13598901098901098
    ],
    [
      "attack-pattern--707399d6-ab3e-4963-9315-d9d3818cd6a0",
      0.12774725274725274
    ],
    [
      "attack-pattern--9efb1ea7-c37b-4595-9640-b7680cd84279",
      0.11584249084249085
    ],
    [
      "attack-pattern--03d7999c-1f4c-42cc-8373-e7690d318104",
      0.10576923076923077
    ],
    [
      "attack-pattern--970a3432-3237-47ad-bcca-7d8cbb217736",
      0.10485347985347986
    ],
    [
      "attack-pattern--0d91b3c0-5e50-47c3-949a-2a796f04d144",
      0.10256410256410256
    ],
    [
      "attack-pattern--3c4a2599-71ee-4405-ba1e-0e28414b4bc5",
      0.10027472527472528
    ],
    [
      "attack-pattern--391d824f-0ef1-47a0-b0ee-c59a75e27670",
      0.09752747252747253
    ],
    [
      "attack-pattern--1c4e5d32-1fe9-4116-9d9d-59e3925bd6a2",
      0.09432234432234432
    ],
    [
      "attack-pattern--92d7da27-2d91-488e-a00c-059dc162766d",
      0.08836996336996338
    ],
    [
      "attack-pattern--005a06c6-14bf-4118-afa0-ebcd8aebb0c9",
      0.08653846153846154
    ],
    [
      "attack-pattern--232b7f21-adf9-4b42-b936-b9d6f7df856e",
      0.08653846153846154
    ],
    [
      "attack-pattern--24bfaeba-cb0d-4525-b3dc-507c77ecec41",
      0.08195970695970696
    ]
  ],
  "top_betweenness_centrality": [
    [
      "malware--a7881f21-e978-4fe4-af56-92c9416a2616",
      0.0012000964130958079
    ],
    [
      "tool--afc079f3-c0ea-4096-b75d-3f05338b7f60",
      0.0002873509335373742
    ],
    [
      "malware--88c621a7-aef9-4ae0-94e3-1fc87123eb24",
      0.0002778760326429818
    ],
    [
      "malware--edc5e045-5401-42bb-ad92-52b5b2ee0de9",
      0.00023311936447529676
    ],
    [
      "malware--5b5d1e6c-e7de-4b46-ab8f-8556e8745927",
      0.000191758245254008
    ],
    [
      "malware--99fdf3b4-96ef-4ab9-b191-fc683441cad0",
      0.0001752978183062929
    ],
    [
      "malware--b42378e0-f147-496f-992a-26a49705395b",
      0.00017338825601537466
    ],
    [
      "tool--3433a9e8-1c47-4320-b9bf-ed449061d1c3",
      0.00013034672197807787
    ],
    [
      "malware--ec9e00dd-0313-4d5b-8105-c20aa47abffc",
      0.0001152577079483859
    ],
    [
      "tool--26c87906-d750-42c5-946c-d4162c73fc7b",
      0.00011075461287325694
    ],
    [
      "malware--56e6b6c2-e573-4969-8bab-783205cebbbf",
      0.00010999078795688965
    ],
    [
      "malware--bfd2738c-8b43-43c3-bc9f-d523c8e88bf4",
      0.0001061389280214946
    ],
    [
      "tool--2c5281dd-b5fd-4531-8aea-c1bf8a0f8756",
      0.0001040329536092248
    ],
    [
      "attack-pattern--df8b2a25-8bdf-4856-953c-a04372b1c161",
      8.698874618971471e-05
    ],
    [
      "malware--8d242fb4-9033-4f13-8a88-4b9b4bcd9a53",
      7.791014146946351e-05
    ],
    [
      "malware--64fa0de0-6240-41f4-8638-f4ca7ed528fd",
      7.504232610164814e-05
    ],
    [
      "tool--03342581-f790-4f03-ba41-e82e67392e23",
      6.958444988106005e-05
    ],
    [
      "attack-pattern--04fd5427-79c7-44ea-ae13-11b24778ff1c",
      6.75985050985051e-05
    ],
    [
      "malware--82adb90e-43b8-4bce-9efe-afeba65457b2",
      6.683468018213782e-05
    ],
    [
      "attack-pattern--9efb1ea7-c37b-4595-9640-b7680cd84279",
      6.3397468058485e-05
    ]
  ],
  "top_closeness_centrality": [
    [
      "attack-pattern--e6919abc-99f9-4c6c-95a5-14761e7b2add",
      0.23184077636953032
    ],
    [
      "attack-pattern--df8b2a25-8bdf-4856-953c-a04372b1c161",
      0.19360142095041422
    ],
    [
      "attack-pattern--354a7f88-63fb-41b5-a801-ce3b377b36f1",
      0.19199076021039416
    ],
    [
      "attack-pattern--d1fcf083-a721-4223-aedf-bf8960798d62",
      0.17548892982418995
    ],
    [
      "attack-pattern--7bc57495-ea59-4380-be31-a64af124ef18",
      0.17203971130672702
    ],
    [
      "attack-pattern--3ccef7ae-cb5e-48f6-8302-897105fbf55c",
      0.15642338996955893
    ],
    [
      "attack-pattern--7385dfaf-6886-4229-9ecd-6fd678040830",
      0.15571975516884332
    ],
    [
      "attack-pattern--8f4a33ec-8b1f-4b80-a2f6-642b2e479580",
      0.1497672175153091
    ],
    [
      "attack-pattern--b3d682b6-98f2-4fb0-aa3b-b4df007ca70a",
      0.1495954502814259
    ],
    [
      "attack-pattern--d63a3fb8-9452-4e9d-a60a-54be68d5998c",
      0.14249400025262093
    ],
    [
      "attack-pattern--707399d6-ab3e-4963-9315-d9d3818cd6a0",
      0.13794428809672712
    ],
    [
      "attack-pattern--9efb1ea7-c37b-4595-9640-b7680cd84279",
      0.12207117595048628
    ],
    [
      "attack-pattern--355be19c-ffc9-46d5-8d50-d6a036c675b6",
      0.11911863486413615
    ],
    [
      "attack-pattern--03d7999c-1f4c-42cc-8373-e7690d318104",
      0.1140189818494058
    ],
    [
      "attack-pattern--391d824f-0ef1-47a0-b0ee-c59a75e27670",
      0.10895130049806308
    ],
    [
      "attack-pattern--0d91b3c0-5e50-47c3-949a-2a796f04d144",
      0.10886451823109504
    ],
    [
      "attack-pattern--3c4a2599-71ee-4405-ba1e-0e28414b4bc5",
      0.1077032967032967
    ],
    [
      "attack-pattern--970a3432-3237-47ad-bcca-7d8cbb217736",
      0.1059129089301503
    ],
    [
      "attack-pattern--799ace7f-e227-4411-baa0-8868704f2a69",
      0.10210388622965309
    ],
    [
      "attack-pattern--92d7da27-2d91-488e-a00c-059dc162766d",
      0.09814578952045261
    ]
  ]
}