{
  "dataset": "enterprise",
  "total_nodes": 1757,
  "total_edges": 19190,
  "density": 0.006219832677101552,
  "weakly_connected_components": 17,
  "strongly_connected_components": 1757,
  "community_count": 26,
  "node_type_counts": {
    "course-of-action": 44,
    "malware": 693,
    "tool": 91,
    "x-mitre-tactic": 14,
    "attack-pattern": 691,
    "intrusion-set": 172,
    "campaign": 52
  },
  "top_degree_centrality": [
    [
      "attack-pattern--e6919abc-99f9-4c6c-95a5-14761e7b2add",
      0.2847380410022779
    ],
    [
      "attack-pattern--df8b2a25-8bdf-4856-953c-a04372b1c161",
      0.23291571753986332
    ],
    [
      "attack-pattern--354a7f88-63fb-41b5-a801-ce3b377b36f1",
      0.22949886104783598
    ],
    [
      "attack-pattern--d1fcf083-a721-4223-aedf-bf8960798d62",
      0.21298405466970385
    ],
    [
      "attack-pattern--7bc57495-ea59-4380-be31-a64af124ef18",
      0.2021640091116173
    ],
    [
      "attack-pattern--3ccef7ae-cb5e-48f6-8302-897105fbf55c",
      0.18507972665148062
    ],
    [
      "attack-pattern--8f4a33ec-8b1f-4b80-a2f6-642b2e479580",
      0.17312072892938496
    ],
    [
      "attack-pattern--d63a3fb8-9452-4e9d-a60a-54be68d5998c",
      0.16913439635535307
    ],
    [
      "attack-pattern--707399d6-ab3e-4963-9315-d9d3818cd6a0",
      0.15888382687927105
    ],
    [
      "attack-pattern--9efb1ea7-c37b-4595-9640-b7680cd84279",
      0.14407744874715261
    ],
    [
      "attack-pattern--03d7999c-1f4c-42cc-8373-e7690d318104",
      0.1315489749430524
    ],
    [
      "attack-pattern--970a3432-3237-47ad-bcca-7d8cbb217736",
      0.13041002277904326
    ],
    [
      "attack-pattern--0d91b3c0-5e50-47c3-949a-2a796f04d144",
      0.12756264236902048
    ],
    [
      "attack-pattern--3c4a2599-71ee-4405-ba1e-0e28414b4bc5",
      0.12471526195899772
    ],
    [
      "attack-pattern--391d824f-0ef1-47a0-b0ee-c59a75e27670",
      0.12129840546697038
    ],
    [
      "attack-pattern--1c4e5d32-1fe9-4116-9d9d-59e3925bd6a2",
      0.11731207289293849
    ],
    [
      "attack-pattern--92d7da27-2d91-488e-a00c-059dc162766d",
      0.10990888382687927
    ],
    [
      "attack-pattern--005a06c6-14bf-4118-afa0-ebcd8aebb0c9",
      0.10763097949886104
    ],
    [
      "attack-pattern--232b7f21-adf9-4b42-b936-b9d6f7df856e",
      0.10763097949886104
    ],
    [
      "attack-pattern--24bfaeba-cb0d-4525-b3dc-507c77ecec41",
      0.10193621867881549
    ]
  ],
  "top_betweenness_centrality": [
    [
      "malware--a7881f21-e978-4fe4-af56-92c9416a2616",
      0.0008314323756616847
    ],
    [
      "tool--afc079f3-c0ea-4096-b75d-3f05338b7f60",
      0.0006247620422829232
    ],
    [
      "tool--3433a9e8-1c47-4320-b9bf-ed449061d1c3",
      0.0005093117181196149
    ],
    [
      "malware--64fa0de0-6240-41f4-8638-f4ca7ed528fd",
      0.00039481160238563433
    ],
    [
      "tool--da04ac30-27da-4959-a67d-450ce47d9470",
      0.00018139478915864642
    ],
    [
      "malware--65ffc206-d7c1-45b3-b543-f6b726e7840d",
      0.00018006449735758775
    ],
    [
      "attack-pattern--df8b2a25-8bdf-4856-953c-a04372b1c161",
      0.00015298355712175
    ],
    [
      "malware--88c621a7-aef9-4ae0-94e3-1fc87123eb24",
      0.00014490678547246508
    ],
    [
      "attack-pattern--005a06c6-14bf-4118-afa0-ebcd8aebb0c9",
      9.977188507940217e-05
    ],
    [
      "tool--ff6caf67-ea1f-4895-b80e-4bb0fc31c6db",
      9.597105136209162e-05
    ],
    [
      "malware--ec9e00dd-0313-4d5b-8105-c20aa47abffc",
      9.454573871810017e-05
    ],
    [
      "attack-pattern--09a60ea3-a8d1-4ae5-976e-5783248b72a4",
      9.407063450343634e-05
    ],
    [
      "malware--a8d3d497-2da9-4797-8e0b-ed176be08654",
      8.551875863948758e-05
    ],
    [
      "attack-pattern--d1fcf083-a721-4223-aedf-bf8960798d62",
      8.133784155044596e-05
    ],
    [
      "attack-pattern--9efb1ea7-c37b-4595-9640-b7680cd84279",
      7.981750806352174e-05
    ],
    [
      "attack-pattern--1c4e5d32-1fe9-4116-9d9d-59e3925bd6a2",
      7.839219541953028e-05
    ],
    [
      "attack-pattern--04fd5427-79c7-44ea-ae13-11b24778ff1c",
      7.696688277553882e-05
    ],
    [
      "attack-pattern--2959d63f-73fd-46a1-abd2-109d7dcede32",
      7.696688277553882e-05
    ],
    [
      "malware--350f12cf-fd3b-4dad-b323-14b943090df4",
      7.088554882784192e-05
    ],
    [
      "attack-pattern--1c34f7aa-9341-4a48-bfab-af22e51aca6c",
      6.841500691159006e-05
    ]
  ],
  "top_closeness_centrality": [
    [
      "attack-pattern--e6919abc-99f9-4c6c-95a5-14761e7b2add",
      0.28834866491517896
    ],
    [
      "attack-pattern--df8b2a25-8bdf-4856-953c-a04372b1c161",
      0.24078901102261085
    ],
    [
      "attack-pattern--354a7f88-63fb-41b5-a801-ce3b377b36f1",
      0.23878577465803008
    ],
    [
      "attack-pattern--d1fcf083-a721-4223-aedf-bf8960798d62",
      0.21826185805013149
    ],
    [
      "attack-pattern--7bc57495-ea59-4380-be31-a64af124ef18",
      0.21397194162522315
    ],
    [
      "attack-pattern--3ccef7ae-cb5e-48f6-8302-897105fbf55c",
      0.19454936429015757
    ],
    [
      "attack-pattern--7385dfaf-6886-4229-9ecd-6fd678040830",
      0.19367422852434726
    ],
    [
      "attack-pattern--8f4a33ec-8b1f-4b80-a2f6-642b2e479580",
      0.18627084456345963
    ],
    [
      "attack-pattern--b3d682b6-98f2-4fb0-aa3b-b4df007ca70a",
      0.18605721151175064
    ],
    [
      "attack-pattern--d63a3fb8-9452-4e9d-a60a-54be68d5998c",
      0.17722488414107299
    ],
    [
      "attack-pattern--707399d6-ab3e-4963-9315-d9d3818cd6a0",
      0.17156624442098634
    ],
    [
      "attack-pattern--9efb1ea7-c37b-4595-9640-b7680cd84279",
      0.15182428717304217
    ],
    [
      "attack-pattern--355be19c-ffc9-46d5-8d50-d6a036c675b6",
      0.14815210623193242
    ],
    [
      "attack-pattern--03d7999c-1f4c-42cc-8373-e7690d318104",
      0.141809485398122
    ],
    [
      "attack-pattern--391d824f-0ef1-47a0-b0ee-c59a75e27670",
      0.13550662886547252
    ],
    [
      "attack-pattern--0d91b3c0-5e50-47c3-949a-2a796f04d144",
      0.13539869465644166
    ],
    [
      "attack-pattern--3c4a2599-71ee-4405-ba1e-0e28414b4bc5",
      0.13395444191343964
    ],
    [
      "attack-pattern--970a3432-3237-47ad-bcca-7d8cbb217736",
      0.13172767261016416
    ],
    [
      "attack-pattern--799ace7f-e227-4411-baa0-8868704f2a69",
      0.12699025485510385
    ],
    [
      "attack-pattern--92d7da27-2d91-488e-a00c-059dc162766d",
      0.1220674284240709
    ]
  ]
}