{
  "dataset": "ics",
  "total_nodes": 191,
  "total_edges": 598,
  "density": 0.016478368696610637,
  "weakly_connected_components": 16,
  "strongly_connected_components": 191,
  "community_count": 21,
  "node_type_counts": {
    "course-of-action": 52,
    "malware": 23,
    "x-mitre-tactic": 12,
    "attack-pattern": 83,
    "campaign": 7,
    "intrusion-set": 14
  },
  "top_degree_centrality": [
    [
      "course-of-action--1e7ccfc0-94c8-496e-8d27-032120892291",
      0.14736842105263157
    ],
    [
      "malware--e401d4fe-f0c9-44f0-98e6-f93487678808",
      0.1368421052631579
    ],
    [
      "malware--088f1d6e-0783-47c6-9923-9c79b2af43d4",
      0.13157894736842105
    ],
    [
      "course-of-action--aadac250-bcdc-44e3-a4ae-f52bd0a7a16a",
      0.12105263157894737
    ],
    [
      "campaign--46421788-b6e1-4256-b351-f8beffd1afba",
      0.11578947368421053
    ],
    [
      "malware--80099a91-4c86-4bea-9ccb-dac55d61960e",
      0.10526315789473684
    ],
    [
      "course-of-action--72e46e53-e12d-4106-9c70-33241b6ed549",
      0.08947368421052632
    ],
    [
      "malware--d3aa1058-b1b3-4c29-a3ba-9a9b90ccd93b",
      0.08947368421052632
    ],
    [
      "attack-pattern--cd2c76a4-5e23-4ca5-9c40-d5e0604f7101",
      0.08947368421052632
    ],
    [
      "course-of-action--66cfe23e-34b6-4583-b178-ed6a412db2b0",
      0.08421052631578947
    ],
    [
      "course-of-action--c7257b6e-4159-4771-b1f3-2bb93adaecac",
      0.08421052631578947
    ],
    [
      "attack-pattern--b9160e77-ea9e-4ba9-b1c8-53a3c466b13d",
      0.08421052631578947
    ],
    [
      "course-of-action--11f242bc-3121-438c-84b2-5cbd46a4bb17",
      0.07894736842105263
    ],
    [
      "course-of-action--3992ce42-43e9-4bea-b8db-a102ec3ec1e3",
      0.07894736842105263
    ],
    [
      "attack-pattern--be69c571-d746-4b1f-bdd0-c0c9817e9068",
      0.07894736842105263
    ],
    [
      "attack-pattern--e1f9cdd2-9511-4fca-90d7-f3e92cfdd0bf",
      0.07894736842105263
    ],
    [
      "course-of-action--bcf91ebc-f316-4e19-b2f6-444e9940c697",
      0.07368421052631578
    ],
    [
      "course-of-action--e0d38502-decb-481d-ad8b-b8f0a0c330bd",
      0.06842105263157895
    ],
    [
      "attack-pattern--40b300ba-f553-48bf-862e-9471b220d455",
      0.06842105263157895
    ],
    [
      "course-of-action--b11cad63-ef30-4eb8-af0d-6cc46eef3f3e",
      0.06315789473684211
    ]
  ],
  "top_betweenness_centrality": [
    [
      "malware--e401d4fe-f0c9-44f0-98e6-f93487678808",
      0.0012233361180729603
    ],
    [
      "malware--083bb47b-02c8-4423-81a2-f9ef58572974",
      0.0003723196881091618
    ],
    [
      "malware--b34df04a-9d30-4d84-a03f-0d536ee19a05",
      0.0002127541074909496
    ],
    [
      "malware--e221eb77-1502-4129-af1d-fe1ad55e7ec6",
      0.0002127541074909496
    ],
    [
      "course-of-action--059ba11e-e3dc-49aa-84ca-88197f40d4ea",
      0.0
    ],
    [
      "course-of-action--11f242bc-3121-438c-84b2-5cbd46a4bb17",
      0.0
    ],
    [
      "course-of-action--143b4398-3222-480a-b6a4-e131bc2d3144",
      0.0
    ],
    [
      "course-of-action--1cbcceef-3233-4062-aa86-ec91afe39517",
      0.0
    ],
    [
      "course-of-action--1e7ccfc0-94c8-496e-8d27-032120892291",
      0.0
    ],
    [
      "course-of-action--2ab9fc6d-3cf6-4d7b-85f1-3ad6949233b3",
      0.0
    ],
    [
      "course-of-action--2f0160b7-e982-49d7-9612-f19b810f1722",
      0.0
    ],
    [
      "course-of-action--3172222b-4983-43f7-8983-753ded4f13bc",
      0.0
    ],
    [
      "course-of-action--3222a807-521b-4a1a-aa13-f1cda45734b3",
      0.0
    ],
    [
      "course-of-action--337c4e2a-21a7-4d9a-bfee-9efd6cebf0e5",
      0.0
    ],
    [
      "course-of-action--3992ce42-43e9-4bea-b8db-a102ec3ec1e3",
      0.0
    ],
    [
      "course-of-action--469b78dd-a54d-4f7c-8c3b-4a1dd916b433",
      0.0
    ],
    [
      "course-of-action--49363b74-d506-4342-bd63-320586ebadb9",
      0.0
    ],
    [
      "course-of-action--49b306c1-a046-42c5-a4d2-30f264ada110",
      0.0
    ],
    [
      "course-of-action--4fa717d9-cabe-47c8-8cdd-86e9e2e37f30",
      0.0
    ],
    [
      "course-of-action--52c7a1a9-3a78-4528-a44f-cd7b0fa3541a",
      0.0
    ]
  ],
  "top_closeness_centrality": [
    [
      "attack-pattern--cd2c76a4-5e23-4ca5-9c40-d5e0604f7101",
      0.08975069252077562
    ],
    [
      "attack-pattern--b9160e77-ea9e-4ba9-b1c8-53a3c466b13d",
      0.08526315789473685
    ],
    [
      "attack-pattern--e1f9cdd2-9511-4fca-90d7-f3e92cfdd0bf",
      0.08005540166204986
    ],
    [
      "attack-pattern--be69c571-d746-4b1f-bdd0-c0c9817e9068",
      0.07925696594427244
    ],
    [
      "attack-pattern--40b300ba-f553-48bf-862e-9471b220d455",
      0.0696594427244582
    ],
    [
      "attack-pattern--85a45294-08f1-4539-bf00-7da08aa7b0ee",
      0.06447368421052631
    ],
    [
      "attack-pattern--63b6942d-8359-4506-bfb3-cf87aa8120ee",
      0.06416040100250626
    ],
    [
      "attack-pattern--e076cca8-2f08-45c9-aff7-ea5ac798b387",
      0.06337719298245614
    ],
    [
      "attack-pattern--efbf7888-f61b-4572-9c80-7e2965c60707",
      0.06315789473684211
    ],
    [
      "attack-pattern--25dfc8ad-bd73-4dfd-84a9-3c3d383f76e9",
      0.05929824561403509
    ],
    [
      "attack-pattern--2736b752-4ec5-4421-a230-8977dea7649c",
      0.05730994152046783
    ],
    [
      "attack-pattern--063b5b92-5361-481a-9c3f-95492ed9a2d8",
      0.05639097744360902
    ],
    [
      "attack-pattern--2dc2b567-8821-49f9-9045-8740f3d0b958",
      0.0555921052631579
    ],
    [
      "attack-pattern--648f995e-9c3a-41e4-aeee-98bb41037426",
      0.0555921052631579
    ],
    [
      "attack-pattern--138979ba-0430-4de6-a128-2fc0b056ba36",
      0.05429362880886426
    ],
    [
      "attack-pattern--2883c520-7957-46ca-89bd-dab1ad53b601",
      0.05413533834586466
    ],
    [
      "attack-pattern--3067b85e-271e-4bc5-81ad-ab1a81d411e3",
      0.05413533834586466
    ],
    [
      "attack-pattern--097924ce-a9a9-4039-8591-e0deedfb8722",
      0.05307017543859649
    ],
    [
      "attack-pattern--25852363-5968-4673-b81d-341d5ed90bd1",
      0.05307017543859649
    ],
    [
      "attack-pattern--9a505987-ab05-4f46-a9a6-6441442eec3b",
      0.05307017543859649
    ]
  ]
}