{
  "dataset": "mobile",
  "total_nodes": 291,
  "total_edges": 1634,
  "density": 0.01936248370660031,
  "weakly_connected_components": 15,
  "strongly_connected_components": 291,
  "community_count": 22,
  "node_type_counts": {
    "course-of-action": 13,
    "malware": 120,
    "tool": 2,
    "x-mitre-tactic": 12,
    "attack-pattern": 124,
    "campaign": 3,
    "intrusion-set": 17
  },
  "top_degree_centrality": [
    [
      "attack-pattern--c6421411-ae61-42bb-9098-73fddb315002",
      0.25517241379310346
    ],
    [
      "attack-pattern--99e6295e-741b-4857-b6e5-64989eb039b4",
      0.2206896551724138
    ],
    [
      "attack-pattern--e0b9ecb8-a7d1-43c7-aa30-8e19c6a92c86",
      0.19655172413793104
    ],
    [
      "attack-pattern--e2ea7f6b-8d4f-49c3-819d-660530d12b77",
      0.19310344827586207
    ],
    [
      "attack-pattern--6683aa0c-d98a-4f5b-ac57-ca7e9934a760",
      0.18620689655172412
    ],
    [
      "attack-pattern--e1c912a9-e305-434b-9172-8a6ce3ec9c4a",
      0.18275862068965518
    ],
    [
      "attack-pattern--198ce408-1470-45ee-b47f-7056050d4fc2",
      0.1793103448275862
    ],
    [
      "attack-pattern--d4536441-1bcc-49fa-80ae-a596ed3f7ffd",
      0.1724137931034483
    ],
    [
      "course-of-action--653492e3-27be-4a0e-b08c-938dd2b7e0e1",
      0.16896551724137931
    ],
    [
      "attack-pattern--2282a98b-5049-4f61-9381-55baca7c1add",
      0.16896551724137931
    ],
    [
      "attack-pattern--d13fa042-8f26-44e1-a2a8-af0bf8e2ac9a",
      0.16551724137931034
    ],
    [
      "attack-pattern--114fed8b-7eed-4136-8b9c-411c5c7fff4b",
      0.1586206896551724
    ],
    [
      "attack-pattern--1d1b1558-c833-482e-aabb-d07ef6eae63d",
      0.1413793103448276
    ],
    [
      "attack-pattern--6c49d50f-494d-4150-b774-a655022d20a6",
      0.13793103448275862
    ],
    [
      "attack-pattern--d8940e76-f9c1-4912-bea6-e21c251370b6",
      0.13793103448275862
    ],
    [
      "malware--5b5d1e6c-e7de-4b46-ab8f-8556e8745927",
      0.12413793103448276
    ],
    [
      "course-of-action--0beabf44-e8d8-4ae4-9122-ef56369a2564",
      0.12068965517241378
    ],
    [
      "attack-pattern--b327a9c0-e709-495c-aa6e-00b042136e2b",
      0.11379310344827587
    ],
    [
      "attack-pattern--702055ac-4e54-4ae9-9527-e23a38e0b160",
      0.1103448275862069
    ],
    [
      "attack-pattern--4c58b7c6-a839-4789-bda9-9de33e4d4512",
      0.10689655172413792
    ]
  ],
  "top_betweenness_centrality": [
    [
      "attack-pattern--114fed8b-7eed-4136-8b9c-411c5c7fff4b",
      0.000694427872568906
    ],
    [
      "malware--95811c0a-abe0-4e7f-a0cc-b0662ced5807",
      0.0006177514616394226
    ],
    [
      "attack-pattern--2282a98b-5049-4f61-9381-55baca7c1add",
      0.0005555422980551248
    ],
    [
      "attack-pattern--c6421411-ae61-42bb-9098-73fddb315002",
      0.0004629519150459373
    ],
    [
      "attack-pattern--f05fc151-aa62-47e3-ae57-2d1b23d64bf6",
      0.0004224436224794178
    ],
    [
      "malware--3271c107-92c4-442e-9506-e76d62230ee8",
      0.00038772222885097253
    ],
    [
      "attack-pattern--e0b9ecb8-a7d1-43c7-aa30-8e19c6a92c86",
      0.0002965785705763036
    ],
    [
      "attack-pattern--4c58b7c6-a839-4789-bda9-9de33e4d4512",
      0.00029513184584178503
    ],
    [
      "attack-pattern--ab7400b7-3476-4776-9545-ef3fa373de63",
      0.0002777711490275624
    ],
    [
      "malware--55714f87-6178-4b89-b3e5-d3a643f647ca",
      0.00024304975539911708
    ],
    [
      "attack-pattern--3775a580-a1d1-46c4-8147-c614a715f2e9",
      0.00024304975539911708
    ],
    [
      "attack-pattern--2aa78dfd-cb6f-4c70-9408-137cfd96be49",
      0.00022568905858489442
    ],
    [
      "attack-pattern--1d1b1558-c833-482e-aabb-d07ef6eae63d",
      0.00020688163703615323
    ],
    [
      "attack-pattern--6ffad4be-bfe0-424f-abde-4d9a84a800ad",
      0.0001736069681422265
    ],
    [
      "malware--f97e2718-af50-41df-811f-215ebab45691",
      0.00015624627132800384
    ],
    [
      "attack-pattern--b1c95426-2550-4621-8028-ceebf28b3a47",
      0.00015624627132800384
    ],
    [
      "attack-pattern--fcb11f06-ce0e-490b-bcc1-04a1623579f0",
      0.0001388855745137812
    ],
    [
      "malware--96ea1e13-d50f-45f1-b0cf-4ac9bc5a2d62",
      0.00012297160243407708
    ],
    [
      "attack-pattern--16d73b64-5681-4ea0-9af4-4ad86f7c96e8",
      0.00010416418088533589
    ],
    [
      "attack-pattern--0cdd66ad-26ac-4338-a764-4972a1e17ee3",
      6.94427872568906e-05
    ]
  ],
  "top_closeness_centrality": [
    [
      "attack-pattern--c6421411-ae61-42bb-9098-73fddb315002",
      0.253184584178499
    ],
    [
      "attack-pattern--99e6295e-741b-4857-b6e5-64989eb039b4",
      0.22479474548440065
    ],
    [
      "attack-pattern--e0b9ecb8-a7d1-43c7-aa30-8e19c6a92c86",
      0.19551724137931034
    ],
    [
      "attack-pattern--e2ea7f6b-8d4f-49c3-819d-660530d12b77",
      0.1949290060851927
    ],
    [
      "attack-pattern--6683aa0c-d98a-4f5b-ac57-ca7e9934a760",
      0.18869168356997973
    ],
    [
      "attack-pattern--e1c912a9-e305-434b-9172-8a6ce3ec9c4a",
      0.18466843501326258
    ],
    [
      "attack-pattern--198ce408-1470-45ee-b47f-7056050d4fc2",
      0.18255578093306288
    ],
    [
      "attack-pattern--d4536441-1bcc-49fa-80ae-a596ed3f7ffd",
      0.1729679802955665
    ],
    [
      "attack-pattern--d13fa042-8f26-44e1-a2a8-af0bf8e2ac9a",
      0.16896551724137931
    ],
    [
      "attack-pattern--2282a98b-5049-4f61-9381-55baca7c1add",
      0.1665024630541872
    ],
    [
      "attack-pattern--11c2c2b7-1fd4-408f-bc2e-fe772ef9df5e",
      0.16206896551724137
    ],
    [
      "attack-pattern--114fed8b-7eed-4136-8b9c-411c5c7fff4b",
      0.15621340273259599
    ],
    [
      "attack-pattern--d8940e76-f9c1-4912-bea6-e21c251370b6",
      0.14106002554278416
    ],
    [
      "attack-pattern--1d1b1558-c833-482e-aabb-d07ef6eae63d",
      0.14031830238726792
    ],
    [
      "attack-pattern--6c49d50f-494d-4150-b774-a655022d20a6",
      0.1382445141065831
    ],
    [
      "attack-pattern--b327a9c0-e709-495c-aa6e-00b042136e2b",
      0.114165890027959
    ],
    [
      "attack-pattern--702055ac-4e54-4ae9-9527-e23a38e0b160",
      0.11316614420062697
    ],
    [
      "attack-pattern--4c58b7c6-a839-4789-bda9-9de33e4d4512",
      0.10355603448275863
    ],
    [
      "attack-pattern--6a3f6490-9c44-40de-b059-e5940f246673",
      0.10175438596491229
    ],
    [
      "attack-pattern--73c26732-6422-4081-8b63-6d0ae93d449e",
      0.10149114631873253
    ]
  ]
}